{
  "Nand-Size" : 0.798,
  "Gadgets" :
  [
    {
      "Name" : "Default",
      "AND" : 
      {
        "0" : 1.064
      },
      "XOR" : 
      {
        "0" : 1.596
      },
      "NOT" : 
      {
        "0" : 0.532
      },
      "REG" :
      {
        "0" : 4.522
      }
    },
    {
      "Name" : "HPC2",
      "AND" : 
      {
        "0" : 1.064,
        "1" : 79.267997,
        "2" : 193.913994,
        "3" : 358.567989,
        "4" : 573.229982,
        "5" : 837.899973,
        "6" : 1152.577963,
        "7" : 1518.263952,
        "8" : 1931.957938,
        "9" : 2396.659923,
        "10" : 2911.369907
      },
      "XOR" : 
      {
        "0" : 1.596,
        "1" : 3.192,
        "2" : 4.788,
        "3" : 6.384,
        "4" : 7.980,
        "5" : 9.576,
        "6" : 11.172,
        "7" : 12.768,
        "8" : 14.367,
        "9" : 15.960,
        "10" : 17.556
      },
      "NOT" :
      {
        "0" : 0.532,
        "1" : 0.532,
        "2" : 0.532,
        "3" : 0.532,
        "4" : 0.532,
        "5" : 0.532,
        "6" : 0.532,
        "7" : 0.532,
        "8" : 0.532,
        "9" : 0.532,
        "10" : 0.532
      },
      "REG" : 
      {
        "0" : 4.522,
        "1" : 9.044,
        "2" : 13.566,
        "3" : 18.088,
        "4" : 22.610,
        "5" : 27.132,
        "6" : 31.654,
        "7" : 36.176,
        "8" : 40.698,
        "9" : 45.220,
        "10" : 49.742
      }
    },
    {
      "Name" : "HPC3",
      "AND" :
      {
        "0" : 1.064,
        "1" : 55.327998,
        "2" : 134.063996,
        "3" : 246.847991,
        "4" : 393.679987,
        "5" : 579.347982,
        "6" : 796.935975,
        "7" : 1049.103967,
        "8" : 1335.851958,
        "9" : 1657.179948,
        "10" : 2013.087937
      }, 
      "XOR" : 
      {
        "0" : 1.596,
        "1" : 3.192,
        "2" : 4.788,
        "3" : 6.384,
        "4" : 7.980,
        "5" : 9.576,
        "6" : 11.172,
        "7" : 12.768,
        "8" : 14.367,
        "9" : 15.960,
        "10" : 17.556
      },
      "NOT" :
      {
        "0" : 0.532,
        "1" : 0.532,
        "2" : 0.532,
        "3" : 0.532,
        "4" : 0.532,
        "5" : 0.532,
        "6" : 0.532,
        "7" : 0.532,
        "8" : 0.532,
        "9" : 0.532,
        "10" : 0.532
      },
      "REG" : 
      {
        "0" : 4.522,
        "1" : 9.044,
        "2" : 13.566,
        "3" : 18.088,
        "4" : 22.610,
        "5" : 27.132,
        "6" : 31.654,
        "7" : 36.176,
        "8" : 40.698,
        "9" : 45.220,
        "10" : 49.742
      }
    }
  ]
}